Id;Category
1503960366;Busy Mum
1624580081;Busy Mum
1644430081;Busy Mum
1844505072;Busy Mum
1927972279;Busy Mum
2022484408;Busy Mum
2026352035;Active Millenial
2320127002;Active Millenial
2347167796;Active Millenial
2873212765;Active Millenial
3372868164;Active Millenial
3977333714;Active Millenial
4020332650;Active Millenial
4057192912;Casual exerciser
4319703577;Casual exerciser
4388161847;Casual exerciser
4445114986;Casual exerciser
4558609924;Casual exerciser
4702921684;Casual exerciser
5553957443;Casual exerciser
5577150313;Gym addict
6117666160;Gym addict
6290855005;Gym addict
6775888955;Gym addict
6962181067;Fitness-conscious Senior
7007744171;Fitness-conscious Senior
7086361926;Fitness-conscious Senior
8053475328;Fitness-conscious Senior
8253242879;Just an avergae Joe
8378563200;Just an avergae Joe
8583815059;Just an avergae Joe
8792009665;Just an avergae Joe
8877689391;Just an avergae Joe